Date,Stock,Market,joined date
2018-01-02,85.95,2695.81,2020-01-14
2018-01-03,86.35,2713.06,2020-01-14
2018-01-04,87.11,2723.99,2020-01-14
2018-01-05,88.19,2743.15,2020-01-14
2018-01-08,88.28,2747.71,2020-01-14
2018-01-09,88.22,2751.29,2020-01-14
2018-01-10,87.82,2748.23,2020-01-14
2018-01-11,88.08,2767.56,2020-01-14
2018-01-12,89.6,2786.24,2020-01-14
2018-01-16,88.35,2776.42,2020-01-14
2018-01-17,90.14,2802.56,2020-01-14
2018-01-18,90.1,2798.03,2020-01-14
2018-01-19,90.0,2810.3,2020-01-14
2018-01-22,91.61,2832.97,2020-01-14
2018-01-23,91.9,2839.13,2020-01-14
2018-01-24,91.82,2837.54,2020-01-14
2018-01-25,92.33,2839.25,2020-01-14
2018-01-26,94.06,2872.87,2020-01-14
2018-01-29,93.92,2853.53,2020-01-14
2018-01-30,92.74,2822.43,2020-01-14
2018-01-31,95.01,2823.81,2020-01-14
2018-02-01,94.26,2821.98,2020-01-14
2018-02-02,91.78,2762.13,2020-01-14
2018-02-05,88.0,2648.94,2020-01-14
2018-02-06,91.33,2695.14,2020-01-14
2018-02-07,89.61,2681.66,2020-01-14
2018-02-08,85.01,2581.0,2020-01-14
2018-02-09,88.18,2619.55,2020-01-14
2018-02-12,89.13,2656.0,2020-01-14
2018-02-13,89.83,2662.94,2020-01-14
2018-02-14,90.81,2698.63,2020-01-14
2018-02-15,92.66,2731.2,2020-01-14
2018-02-16,92.0,2732.22,2020-01-14
2018-02-20,92.72,2716.26,2020-01-14
2018-02-21,91.49,2701.33,2020-01-14
2018-02-22,91.73,2703.96,2020-01-14
2018-02-23,94.06,2747.3,2020-01-14
2018-02-26,95.42,2779.6,2020-01-14
2018-02-27,94.2,2744.28,2020-01-14
2018-02-28,93.77,2713.83,2020-01-14
2018-03-01,92.85,2677.67,2020-01-14
2018-03-02,93.05,2691.25,2020-01-14
2018-03-05,93.64,2720.94,2020-01-14
2018-03-06,93.32,2728.12,2020-01-14
2018-03-07,93.86,2726.8,2020-01-14
2018-03-08,94.43,2738.97,2020-01-14
2018-03-09,96.54,2786.57,2020-01-14
2018-03-12,96.77,2783.02,2020-01-14
2018-03-13,94.41,2765.31,2020-01-14
2018-03-14,93.85,2749.48,2020-01-14
2018-03-15,94.18,2747.33,2020-01-14
2018-03-16,94.6,2752.01,2020-01-14
2018-03-19,92.89,2712.92,2020-01-14
2018-03-20,93.13,2716.94,2020-01-14
2018-03-21,92.48,2711.93,2020-01-14
2018-03-22,89.79,2643.69,2020-01-14
2018-03-23,87.18,2588.26,2020-01-14
2018-03-26,93.78,2658.55,2020-01-14
2018-03-27,89.47,2612.62,2020-01-14
2018-03-28,89.39,2605.0,2020-01-14
2018-03-29,91.27,2640.87,2020-01-14
2018-04-02,88.52,2581.88,2020-01-14
2018-04-03,89.71,2614.45,2020-01-14
2018-04-04,92.33,2644.69,2020-01-14
2018-04-05,92.38,2662.84,2020-01-14
2018-04-06,90.23,2604.47,2020-01-14
2018-04-09,90.77,2613.16,2020-01-14
2018-04-10,92.88,2656.87,2020-01-14
2018-04-11,91.86,2642.19,2020-01-14
2018-04-12,93.58,2663.99,2020-01-14
2018-04-13,93.08,2656.3,2020-01-14
2018-04-16,94.17,2677.84,2020-01-14
2018-04-17,96.07,2706.39,2020-01-14
2018-04-18,96.44,2708.64,2020-01-14
2018-04-19,96.11,2693.13,2020-01-14
2018-04-20,95.0,2670.14,2020-01-14
2018-04-23,95.35,2670.29,2020-01-14
2018-04-24,93.12,2634.56,2020-01-14
2018-04-25,92.31,2639.4,2020-01-14
2018-04-26,94.26,2666.94,2020-01-14
2018-04-27,95.82,2669.91,2020-01-14
2018-04-30,93.52,2648.05,2020-01-14
2018-05-01,95.0,2654.8,2020-01-14
2018-05-02,93.51,2635.67,2020-01-14
2018-05-03,94.07,2629.73,2020-01-14
2018-05-04,95.16,2663.42,2020-01-14
2018-05-07,96.22,2672.63,2020-01-14
2018-05-08,95.81,2671.92,2020-01-14
2018-05-09,96.94,2697.79,2020-01-14
2018-05-10,97.91,2723.07,2020-01-14
2018-05-11,97.7,2727.72,2020-01-14
2018-05-14,98.03,2730.13,2020-01-14
2018-05-15,97.32,2711.45,2020-01-14
2018-05-16,97.15,2722.46,2020-01-14
2018-05-17,96.18,2720.13,2020-01-14
2018-05-18,96.36,2712.97,2020-01-14
2018-05-21,97.6,2733.01,2020-01-14
2018-05-22,97.5,2724.44,2020-01-14
2018-05-23,98.66,2733.29,2020-01-14
2018-05-24,98.31,2727.76,2020-01-14
2018-05-25,98.36,2721.33,2020-01-14
2018-05-29,98.01,2689.86,2020-01-14
2018-05-30,98.95,2724.01,2020-01-14
2018-05-31,98.84,2705.27,2020-01-14
2018-06-01,100.79,2734.62,2020-01-14
2018-06-04,101.67,2746.87,2020-01-14
2018-06-05,102.19,2748.8,2020-01-14
2018-06-06,102.49,2772.35,2020-01-14
2018-06-07,100.88,2770.37,2020-01-14
2018-06-08,101.63,2779.03,2020-01-14
2018-06-11,101.05,2782.0,2020-01-14
2018-06-12,101.31,2786.85,2020-01-14
2018-06-13,100.85,2775.63,2020-01-14
2018-06-14,101.42,2782.49,2020-01-14
2018-06-15,100.13,2779.66,2020-01-14
2018-06-18,100.86,2773.75,2020-01-14
2018-06-19,100.86,2762.59,2020-01-14
2018-06-20,101.87,2767.32,2020-01-14
2018-06-21,101.14,2749.76,2020-01-14
2018-06-22,100.41,2754.88,2020-01-14
2018-06-25,98.39,2717.07,2020-01-14
2018-06-26,99.08,2723.06,2020-01-14
2018-06-27,97.54,2699.63,2020-01-14
2018-06-28,98.63,2716.31,2020-01-14
2018-06-29,98.61,2718.37,2020-01-14
2018-07-02,100.01,2726.71,2020-01-14
2018-07-03,99.05,2713.22,2020-01-14
2018-07-05,99.76,2736.61,2020-01-14
2018-07-06,101.16,2759.82,2020-01-14
2018-07-09,101.85,2784.17,2020-01-14
2018-07-10,102.12,2793.84,2020-01-14
2018-07-11,101.98,2774.02,2020-01-14
2018-07-12,104.19,2798.29,2020-01-14
2018-07-13,105.43,2801.31,2020-01-14
2018-07-16,104.91,2798.43,2020-01-14
2018-07-17,105.95,2809.55,2020-01-14
2018-07-18,105.12,2815.62,2020-01-14
2018-07-19,104.4,2804.49,2020-01-14
2018-07-20,106.27,2801.83,2020-01-14
2018-07-23,107.97,2806.98,2020-01-14
2018-07-24,107.66,2820.4,2020-01-14
2018-07-25,110.83,2846.07,2020-01-14
2018-07-26,109.62,2837.44,2020-01-14
2018-07-27,107.68,2818.82,2020-01-14
2018-07-30,105.37,2802.6,2020-01-14
2018-07-31,106.08,2816.29,2020-01-14
2018-08-01,106.28,2813.36,2020-01-14
2018-08-02,107.57,2827.22,2020-01-14
2018-08-03,108.04,2840.35,2020-01-14
2018-08-06,108.13,2850.4,2020-01-14
2018-08-07,108.88,2858.45,2020-01-14
2018-08-08,109.49,2857.7,2020-01-14
2018-08-09,109.67,2853.58,2020-01-14
2018-08-10,109.0,2833.28,2020-01-14
2018-08-13,108.21,2821.93,2020-01-14
2018-08-14,109.56,2839.96,2020-01-14
2018-08-15,107.66,2818.37,2020-01-14
2018-08-16,107.64,2840.69,2020-01-14
2018-08-17,107.58,2850.13,2020-01-14
2018-08-20,106.87,2857.05,2020-01-14
2018-08-21,105.98,2862.96,2020-01-14
2018-08-22,107.06,2861.82,2020-01-14
2018-08-23,107.56,2856.98,2020-01-14
2018-08-24,108.4,2874.69,2020-01-14
2018-08-27,109.6,2896.74,2020-01-14
2018-08-28,110.26,2897.52,2020-01-14
2018-08-29,112.02,2914.04,2020-01-14
2018-08-30,111.95,2901.13,2020-01-14
2018-08-31,112.33,2901.52,2020-01-14
2018-09-04,111.71,2896.72,2020-01-14
2018-09-05,108.49,2888.6,2020-01-14
2018-09-06,108.74,2878.05,2020-01-14
2018-09-07,108.21,2871.68,2020-01-14
2018-09-10,109.38,2877.13,2020-01-14
2018-09-11,111.24,2887.89,2020-01-14
2018-09-12,111.71,2888.92,2020-01-14
2018-09-13,112.91,2904.18,2020-01-14
2018-09-14,113.37,2904.98,2020-01-14
2018-09-17,112.14,2888.8,2020-01-14
2018-09-18,113.21,2904.31,2020-01-14
2018-09-19,111.7,2907.95,2020-01-14
2018-09-20,113.57,2930.75,2020-01-14
2018-09-21,114.26,2929.67,2020-01-14
2018-09-24,114.67,2919.37,2020-01-14
2018-09-25,114.45,2915.56,2020-01-14
2018-09-26,113.98,2905.97,2020-01-14
2018-09-27,114.41,2914.0,2020-01-14
2018-09-28,114.37,2913.98,2020-01-14
2018-10-01,115.61,2924.59,2020-01-14
2018-10-02,115.15,2923.43,2020-01-14
2018-10-03,115.17,2925.51,2020-01-14
2018-10-04,112.79,2901.61,2020-01-14
2018-10-05,112.13,2885.57,2020-01-14
2018-10-08,110.85,2884.43,2020-01-14
2018-10-09,112.26,2880.34,2020-01-14
2018-10-10,106.16,2785.68,2020-01-14
2018-10-11,105.91,2728.37,2020-01-14
2018-10-12,109.57,2767.13,2020-01-14
2018-10-15,107.6,2750.79,2020-01-14
2018-10-16,111.0,2809.92,2020-01-14
2018-10-17,110.71,2809.21,2020-01-14
2018-10-18,108.5,2768.78,2020-01-14
2018-10-19,108.66,2767.78,2020-01-14
2018-10-22,109.63,2755.88,2020-01-14
2018-10-23,108.1,2740.69,2020-01-14
2018-10-24,102.32,2656.1,2020-01-14
2018-10-25,108.3,2705.57,2020-01-14
2018-10-26,106.96,2658.69,2020-01-14
2018-10-29,103.85,2641.25,2020-01-14
2018-10-30,103.73,2682.63,2020-01-14
2018-10-31,106.81,2711.74,2020-01-14
2018-11-01,105.92,2740.37,2020-01-14
2018-11-02,106.16,2723.06,2020-01-14
2018-11-05,107.51,2738.31,2020-01-14
2018-11-06,107.72,2755.45,2020-01-14
2018-11-07,111.96,2813.89,2020-01-14
2018-11-08,111.75,2806.83,2020-01-14
2018-11-09,109.57,2781.01,2020-01-14
2018-11-12,106.87,2726.22,2020-01-14
2018-11-13,106.94,2722.18,2020-01-14
2018-11-14,104.97,2701.58,2020-01-14
2018-11-15,107.28,2730.2,2020-01-14
2018-11-16,108.29,2736.27,2020-01-14
2018-11-19,104.62,2690.73,2020-01-14
2018-11-20,101.71,2641.89,2020-01-14
2018-11-21,103.11,2649.93,2020-01-14
2018-11-23,103.07,2632.56,2020-01-14
2018-11-26,106.47,2673.45,2020-01-14
2018-11-27,107.14,2682.17,2020-01-14
2018-11-28,111.12,2743.79,2020-01-14
2018-11-29,110.19,2737.76,2020-01-14
2018-11-30,110.89,2760.17,2020-01-14
2018-12-03,112.09,2790.37,2020-01-14
2018-12-04,108.52,2700.06,2020-01-14
2018-12-06,109.19,2695.95,2020-01-14
2018-12-07,104.82,2633.08,2020-01-14
2018-12-10,107.59,2637.72,2020-01-14
2018-12-11,108.59,2636.78,2020-01-14
2018-12-12,109.08,2651.07,2020-01-14
2018-12-13,109.45,2650.54,2020-01-14
2018-12-14,106.03,2599.95,2020-01-14
2018-12-17,102.89,2545.94,2020-01-14
2018-12-18,103.97,2546.16,2020-01-14
2018-12-19,103.69,2506.96,2020-01-14
2018-12-20,101.51,2467.42,2020-01-14
2018-12-21,98.23,2416.62,2020-01-14
2018-12-24,94.13,2351.1,2020-01-14
2018-12-26,100.56,2467.7,2020-01-14
2018-12-27,101.18,2488.83,2020-01-14
2018-12-28,100.39,2485.74,2020-01-14
2018-12-31,101.57,2506.85,2020-01-14
2019-01-02,101.12,2510.03,2020-01-14
2019-01-03,97.4,2447.89,2020-01-14
2019-01-04,101.93,2531.94,2020-01-14
2019-01-07,102.06,2549.69,2020-01-14
2019-01-08,102.8,2574.41,2020-01-14
2019-01-09,104.27,2584.96,2020-01-14
2019-01-10,103.6,2596.64,2020-01-14
2019-01-11,102.8,2596.26,2020-01-14
2019-01-14,102.05,2582.61,2020-01-14
2019-01-15,105.01,2610.3,2020-01-14
2019-01-16,105.38,2616.1,2020-01-14
2019-01-17,106.12,2635.96,2020-01-14
2019-01-18,107.71,2670.71,2020-01-14
2019-01-22,105.68,2632.9,2020-01-14
2019-01-23,106.71,2638.7,2020-01-14
2019-01-24,106.2,2642.33,2020-01-14
2019-01-25,107.17,2664.76,2020-01-14
2019-01-28,105.08,2643.85,2020-01-14
2019-01-29,102.94,2640.0,2020-01-14
2019-01-30,106.38,2681.05,2020-01-14
2019-01-31,104.43,2704.1,2020-01-14
2019-02-01,102.78,2706.53,2020-01-14
2019-02-04,105.74,2724.87,2020-01-14
2019-02-05,107.22,2737.7,2020-01-14
2019-02-06,106.03,2731.61,2020-01-14
2019-02-07,105.27,2706.05,2020-01-14
2019-02-08,105.67,2707.88,2020-01-14
2019-02-11,105.25,2709.8,2020-01-14
2019-02-12,106.89,2744.73,2020-01-14
2019-02-13,106.81,2753.03,2020-01-14
2019-02-14,106.9,2745.73,2020-01-14
2019-02-15,108.22,2775.6,2020-01-14
2019-02-19,108.17,2779.76,2020-01-14
2019-02-20,107.15,2784.7,2020-01-14
2019-02-21,109.41,2774.88,2020-01-14
2019-02-22,110.97,2792.67,2020-01-14
2019-02-25,111.59,2796.11,2020-01-14
2019-02-26,112.36,2793.9,2020-01-14
2019-02-27,112.17,2792.38,2020-01-14
2019-02-28,112.03,2784.49,2020-01-14
2019-03-01,112.53,2803.69,2020-01-14
2019-03-04,112.26,2792.81,2020-01-14
2019-03-05,111.7,2789.65,2020-01-14
2019-03-06,111.75,2771.45,2020-01-14
2019-03-07,110.39,2748.93,2020-01-14
2019-03-08,110.51,2743.07,2020-01-14
2019-03-11,112.83,2783.3,2020-01-14
2019-03-12,113.62,2791.52,2020-01-14
2019-03-13,114.5,2810.92,2020-01-14
2019-03-14,114.59,2808.48,2020-01-14
2019-03-15,115.91,2822.48,2020-01-14
2019-03-18,117.57,2832.94,2020-01-14
2019-03-19,117.65,2832.57,2020-01-14
2019-03-20,117.52,2824.23,2020-01-14
2019-03-21,120.22,2854.88,2020-01-14
2019-03-22,117.05,2800.71,2020-01-14
2019-03-25,117.66,2798.36,2020-01-14
2019-03-26,117.91,2818.46,2020-01-14
2019-03-27,116.77,2805.37,2020-01-14
2019-03-28,116.93,2815.44,2020-01-14
2019-03-29,117.94,2834.4,2020-01-14
2019-04-01,119.02,2867.19,2020-01-14
2019-04-02,119.19,2867.24,2020-01-14
2019-04-03,119.97,2873.4,2020-01-14
2019-04-04,119.36,2879.39,2020-01-14
2019-04-05,119.89,2892.74,2020-01-14
2019-04-08,119.93,2895.77,2020-01-14
2019-04-09,119.28,2878.2,2020-01-14
2019-04-10,120.19,2888.21,2020-01-14
2019-04-11,120.33,2888.32,2020-01-14
2019-04-12,120.95,2907.41,2020-01-14
2019-04-15,121.05,2905.58,2020-01-14
2019-04-16,120.77,2907.06,2020-01-14
2019-04-17,121.77,2900.45,2020-01-14
2019-04-18,123.37,2905.03,2020-01-14
2019-04-22,123.76,2907.97,2020-01-14
2019-04-23,125.44,2933.68,2020-01-14
2019-04-24,125.01,2927.25,2020-01-14
2019-04-25,129.15,2926.17,2020-01-14
2019-04-26,129.89,2939.88,2020-01-14
2019-04-29,129.77,2943.03,2020-01-14
2019-04-30,130.6,2945.83,2020-01-14
2019-05-01,127.88,2923.73,2020-01-14
2019-05-02,126.21,2917.52,2020-01-14
2019-05-03,128.9,2945.64,2020-01-14
2019-05-06,128.15,2932.47,2020-01-14
2019-05-07,125.52,2884.05,2020-01-14
2019-05-08,125.51,2879.42,2020-01-14
2019-05-09,125.5,2870.72,2020-01-14
2019-05-10,127.13,2881.4,2020-01-14
2019-05-13,123.35,2811.87,2020-01-14
2019-05-14,124.73,2834.41,2020-01-14
2019-05-15,126.02,2850.96,2020-01-14
2019-05-16,128.93,2876.32,2020-01-14
2019-05-17,128.07,2859.53,2020-01-14
2019-05-20,126.22,2840.23,2020-01-14
2019-05-21,126.9,2864.36,2020-01-14
2019-05-22,127.67,2856.27,2020-01-14
2019-05-23,126.18,2822.24,2020-01-14
2019-05-24,126.24,2826.06,2020-01-14
2019-05-28,126.16,2802.39,2020-01-14
2019-05-29,124.94,2783.02,2020-01-14
2019-05-30,125.73,2788.86,2020-01-14
2019-05-31,123.68,2752.06,2020-01-14
2019-06-03,119.84,2744.45,2020-01-14
2019-06-04,123.16,2803.27,2020-01-14
2019-06-05,125.83,2826.15,2020-01-14
2019-06-06,127.82,2843.49,2020-01-14
2019-06-07,131.4,2873.34,2020-01-14
2019-06-10,132.6,2886.73,2020-01-14
2019-06-11,132.1,2885.72,2020-01-14
2019-06-12,131.49,2879.84,2020-01-14
2019-06-13,132.32,2891.64,2020-01-14
2019-06-14,132.45,2886.98,2020-01-14
2019-06-17,132.85,2889.67,2020-01-14
2019-06-18,135.16,2917.75,2020-01-14
2019-06-19,135.69,2926.46,2020-01-14
2019-06-20,136.95,2954.18,2020-01-14
2019-06-21,136.97,2950.46,2020-01-14
2019-06-24,137.78,2945.35,2020-01-14
2019-06-25,133.43,2917.38,2020-01-14
2019-06-26,133.93,2913.78,2020-01-14
2019-06-27,134.15,2924.92,2020-01-14
2019-06-28,133.96,2941.76,2020-01-14
2019-07-01,135.68,2964.33,2020-01-14
2019-07-02,136.58,2973.01,2020-01-14
2019-07-03,137.46,2995.82,2020-01-14
2019-07-05,137.06,2990.41,2020-01-14
2019-07-08,136.96,2975.95,2020-01-14
2019-07-09,136.46,2979.63,2020-01-14
2019-07-10,137.85,2993.07,2020-01-14
2019-07-11,138.4,2999.91,2020-01-14
2019-07-12,138.9,3013.77,2020-01-14
2019-07-15,138.9,3014.3,2020-01-14
2019-07-16,137.08,3004.04,2020-01-14
2019-07-17,136.27,2984.42,2020-01-14
2019-07-18,136.42,2995.11,2020-01-14
2019-07-19,136.62,2976.61,2020-01-14
2019-07-22,138.43,2985.03,2020-01-14
2019-07-23,139.29,3005.47,2020-01-14
2019-07-24,140.72,3019.56,2020-01-14
2019-07-25,140.19,3003.67,2020-01-14
2019-07-26,141.34,3025.86,2020-01-14
2019-07-29,141.03,3020.97,2020-01-14
2019-07-30,140.35,3013.18,2020-01-14
2019-07-31,136.27,2980.38,2020-01-14
2019-08-01,138.06,2953.56,2020-01-14
2019-08-02,136.9,2932.05,2020-01-14
2019-08-05,132.21,2844.74,2020-01-14
2019-08-06,134.69,2881.77,2020-01-14
2019-08-07,135.28,2883.98,2020-01-14
2019-08-08,138.89,2938.09,2020-01-14
2019-08-09,137.71,2918.65,2020-01-14
2019-08-12,135.79,2883.09,2020-01-14
2019-08-13,138.6,2926.32,2020-01-14
2019-08-14,133.98,2840.6,2020-01-14
2019-08-15,133.68,2847.6,2020-01-14
2019-08-16,136.13,2888.68,2020-01-14
2019-08-19,138.41,2923.65,2020-01-14
2019-08-20,137.26,2900.51,2020-01-14
2019-08-21,138.79,2924.43,2020-01-14
2019-08-22,137.78,2922.95,2020-01-14
2019-08-23,133.39,2847.11,2020-01-14
2019-08-26,135.45,2878.38,2020-01-14
2019-08-27,135.74,2869.16,2020-01-14
2019-08-28,135.56,2887.94,2020-01-14
2019-08-29,138.12,2924.58,2020-01-14
2019-08-30,137.86,2926.46,2020-01-14
2019-09-03,136.04,2906.27,2020-01-14
2019-09-04,137.63,2937.78,2020-01-14
2019-09-05,140.05,2976.0,2020-01-14
2019-09-06,139.1,2978.71,2020-01-14
2019-09-09,137.52,2978.43,2020-01-14
2019-09-10,136.08,2979.39,2020-01-14
2019-09-11,136.12,3000.93,2020-01-14
2019-09-12,137.52,3009.57,2020-01-14
2019-09-13,137.32,3007.39,2020-01-14
2019-09-16,136.33,2997.96,2020-01-14
2019-09-17,137.39,3005.7,2020-01-14
2019-09-18,138.52,3006.73,2020-01-14
2019-09-19,141.07,3006.79,2020-01-14
2019-09-20,139.44,2992.07,2020-01-14
2019-09-23,139.14,2991.78,2020-01-14
2019-09-24,137.38,2966.6,2020-01-14
2019-09-25,139.36,2984.87,2020-01-14
2019-09-26,139.54,2977.62,2020-01-14
2019-09-27,137.73,2961.79,2020-01-14
2019-09-30,139.03,2976.74,2020-01-14
2019-10-01,137.07,2940.25,2020-01-14
2019-10-02,134.65,2887.61,2020-01-14
2019-10-03,136.28,2910.63,2020-01-14
2019-10-04,138.12,2952.01,2020-01-14
2019-10-07,137.12,2938.79,2020-01-14
2019-10-08,135.67,2893.06,2020-01-14
2019-10-09,138.24,2919.4,2020-01-14
2019-10-10,139.1,2938.13,2020-01-14
2019-10-11,139.68,2970.27,2020-01-14
2019-10-14,139.55,2966.15,2020-01-14
2019-10-15,141.575,2995.68,2020-01-14
2019-10-16,140.41,2989.69,2020-01-14
2019-10-17,139.69,2997.95,2020-01-14
2019-10-18,137.41,2986.2,2020-01-14
2019-10-21,138.43,3006.72,2020-01-14
2019-10-22,136.37,2995.99,2020-01-14
2019-10-23,137.24,3004.52,2020-01-14
2019-10-24,139.94,3010.29,2020-01-14
2019-10-25,140.73,3022.55,2020-01-14
2019-10-28,144.19,3039.42,2020-01-14
2019-10-29,142.83,3036.89,2020-01-14
2019-10-30,144.61,3046.77,2020-01-14
2019-10-31,143.37,3037.56,2020-01-14
2019-11-01,143.72,3066.91,2020-01-14
2019-11-04,144.55,3078.27,2020-01-14
2019-11-05,144.46,3074.62,2020-01-14
2019-11-06,144.06,3076.78,2020-01-14
2019-11-07,144.26,3085.18,2020-01-14
2019-11-08,145.96,3093.08,2020-01-14
2019-11-11,146.11,3087.01,2020-01-14
2019-11-12,147.07,3091.84,2020-01-14
2019-11-13,147.31,3094.04,2020-01-14
2019-11-14,148.06,3096.63,2020-01-14
2019-11-15,149.97,3120.46,2020-01-14
2019-11-18,150.34,3122.03,2020-01-14
2019-11-19,150.39,3120.18,2020-01-14
2019-11-20,149.62,3108.46,2020-01-14
2019-11-21,149.48,3103.54,2020-01-14
2019-11-22,149.59,3110.29,2020-01-14
2019-11-25,151.23,3133.64,2020-01-14
2019-11-26,152.03,3140.52,2020-01-14
2019-11-27,152.32,3153.63,2020-01-14
2019-11-29,151.38,3140.98,2020-01-14
2019-12-02,149.55,3113.87,2020-01-14
2019-12-03,149.31,3093.2,2020-01-14
2019-12-04,149.85,3112.76,2020-01-14
2019-12-05,149.93,3117.43,2020-01-14
2019-12-06,151.75,3145.91,2020-01-14
2019-12-09,151.36,3135.96,2020-01-14
2019-12-10,151.13,3132.52,2020-01-14
2019-12-11,151.7,3141.63,2020-01-14
2019-12-12,153.24,3168.57,2020-01-14
2019-12-13,154.53,3168.8,2020-01-14
2019-12-16,155.53,3191.45,2020-01-14
2019-12-17,154.69,3192.52,2020-01-14
2019-12-18,154.37,3191.14,2020-01-14
2019-12-19,155.71,3205.37,2020-01-14
2019-12-20,157.41,3221.22,2020-01-14
2019-12-23,157.41,3224.01,2020-01-14
2019-12-24,157.38,3223.38,2020-01-14
2019-12-26,158.67,3239.91,2020-01-14
2019-12-27,158.96,3240.02,2020-01-14
2019-12-30,157.59,3221.29,2020-01-14
2019-12-31,157.7,3230.78,2020-01-14
2020-01-02,160.62,3257.85,2020-01-14
2020-01-03,158.62,3234.85,2020-01-14
2020-01-06,159.03,3246.28,2020-01-14
2020-01-07,157.58,3237.18,2020-01-14
2020-01-08,160.09,3253.05,2020-01-14
2020-01-09,162.09,3274.7,2020-01-14
2020-01-10,161.34,3265.35,2020-01-14
2020-01-13,163.28,3288.13,2020-01-14
2020-01-14,162.13,3283.15,2020-01-14
2020-01-15,163.18,3289.29,2020-01-14
2020-01-16,166.17,3316.81,2020-01-14
2020-01-17,167.1,3329.62,2020-01-14
2020-01-21,166.5,3320.79,2020-01-14
2020-01-22,165.7,3321.75,2020-01-14
2020-01-23,166.72,3325.54,2020-01-14
2020-01-24,165.04,3295.47,2020-01-14
2020-01-27,162.28,3243.63,2020-01-14
2020-01-28,165.46,3276.24,2020-01-14
2020-01-29,168.04,3273.4,2020-01-14
2020-01-30,172.78,3283.66,2020-01-14
2020-01-31,170.23,3225.52,2020-01-14
2020-02-03,174.38,3248.92,2020-01-14
2020-02-04,180.12,3297.59,2020-01-14
2020-02-05,179.9,3334.69,2020-01-14
2020-02-06,183.63,3345.78,2020-01-14
2020-02-07,183.89,3327.71,2020-01-14
2020-02-10,188.7,3352.09,2020-01-14
2020-02-11,184.44,3357.75,2020-01-14
2020-02-12,184.71,3379.45,2020-01-14
2020-02-13,183.71,3373.94,2020-01-14
2020-02-14,185.35,3380.16,2020-01-14
2020-02-18,187.23,3370.29,2020-01-14
2020-02-19,187.28,3386.15,2020-01-14
2020-02-20,184.42,3373.23,2020-01-14
2020-02-21,178.59,3337.75,2020-01-14
2020-02-24,170.89,3225.89,2020-01-14
2020-02-25,168.07,3128.21,2020-01-14
2020-02-26,170.17,3116.39,2020-01-14
2020-02-27,158.18,2978.76,2020-01-14
2020-02-28,162.01,2954.22,2020-01-14
2020-03-02,172.79,3090.23,2020-01-14
2020-03-03,164.51,3003.37,2020-01-14
2020-03-04,170.55,3130.12,2020-01-14
2020-03-05,166.27,3023.94,2020-01-14
2020-03-06,161.57,2972.37,2020-01-14
2020-03-09,150.62,2746.56,2020-01-14
2020-03-10,160.92,2882.23,2020-01-14
2020-03-11,153.63,2741.38,2020-01-14
2020-03-12,139.06,2480.64,2020-01-14
2020-03-13,158.83,2711.02,2020-01-14
2020-03-16,135.42,2386.13,2020-01-14
2020-03-17,146.57,2529.19,2020-01-14
2020-03-18,140.4,2398.1,2020-01-14
2020-03-19,142.71,2409.39,2020-01-14
2020-03-20,137.35,2304.92,2020-01-14
2020-03-23,135.98,2237.4,2020-01-14
2020-03-24,148.34,2447.33,2020-01-14
2020-03-25,146.92,2475.56,2020-01-14
2020-03-26,156.11,2630.07,2020-01-14
2020-03-27,149.7,2541.47,2020-01-14
2020-03-30,160.23,2626.65,2020-01-14
2020-03-31,157.71,2584.59,2020-01-14
2020-04-01,152.11,2470.5,2020-01-14
2020-04-02,155.26,2526.9,2020-01-14
2020-04-03,153.83,2488.65,2020-01-14
2020-04-06,165.27,2663.68,2020-01-14
2020-04-07,163.49,2659.41,2020-01-14
2020-04-08,165.13,2749.98,2020-01-14
2020-04-09,165.14,2789.82,2020-01-14
2020-04-13,165.51,2761.63,2020-01-14
2020-04-14,173.7,2846.06,2020-01-14
2020-04-15,171.88,2783.36,2020-01-14
2020-04-16,177.04,2799.55,2020-01-14
2020-04-17,178.6,2874.56,2020-01-14
2020-04-20,175.06,2823.16,2020-01-14
2020-04-21,167.82,2736.56,2020-01-14
2020-04-22,173.52,2799.31,2020-01-14
2020-04-23,171.42,2797.8,2020-01-14
2020-04-24,174.55,2836.74,2020-01-14
2020-04-27,174.05,2878.48,2020-01-14
2020-04-28,169.81,2863.39,2020-01-14
2020-04-29,177.43,2939.51,2020-01-14
2020-04-30,179.21,2912.43,2020-01-14
2020-05-01,174.57,2830.71,2020-01-14
2020-05-04,178.84,2842.74,2020-01-14
2020-05-05,180.76,2868.44,2020-01-14
2020-05-06,182.54,2848.42,2020-01-14
2020-05-07,183.6,2881.19,2020-01-14
2020-05-08,184.68,2929.8,2020-01-14
2020-05-11,186.74,2930.32,2020-01-14
2020-05-12,182.51,2870.12,2020-01-14
2020-05-13,179.75,2820.0,2020-01-14
2020-05-14,180.53,2852.5,2020-01-14
2020-05-15,183.16,2863.7,2020-01-14
2020-05-18,184.91,2953.91,2020-01-14
2020-05-19,183.63,2922.94,2020-01-14
2020-05-20,185.66,2971.61,2020-01-14
2020-05-21,183.43,2948.51,2020-01-14
2020-05-22,183.51,2955.45,2020-01-14
2020-05-26,181.57,2991.77,2020-01-14
2020-05-27,181.81,3036.13,2020-01-14
2020-05-28,181.4,3029.73,2020-01-14
2020-05-29,183.25,3044.31,2020-01-14
2020-06-01,182.83,3055.73,2020-01-14
2020-06-02,184.91,3080.82,2020-01-14
2020-06-03,185.36,3122.87,2020-01-14
2020-06-04,182.92,3112.35,2020-01-14
2020-06-05,187.2,3193.93,2020-01-14
2020-06-08,188.36,3232.39,2020-01-14
2020-06-09,189.8,3207.18,2020-01-14
2020-06-10,196.84,3190.14,2020-01-14
2020-06-11,186.27,3002.1,2020-01-14
2020-06-12,187.74,3041.31,2020-01-14
2020-06-15,188.94,3066.59,2020-01-14
2020-06-16,193.57,3124.74,2020-01-14
2020-06-17,194.24,3113.49,2020-01-14
2020-06-18,196.32,3115.34,2020-01-14
2020-06-19,195.15,3097.74,2020-01-14
2020-06-22,200.57,3117.86,2020-01-14
2020-06-23,201.91,3131.29,2020-01-14
2020-06-24,197.84,3050.33,2020-01-14
2020-06-25,200.34,3083.76,2020-01-14
2020-06-26,196.33,3009.05,2020-01-14
2020-06-29,198.44,3053.24,2020-01-14
2020-06-30,203.51,3100.29,2020-01-14
2020-07-01,204.7,3115.86,2020-01-14
2020-07-02,206.26,3130.01,2020-01-14
2020-07-06,210.7,3179.72,2020-01-14
2020-07-07,208.25,3145.32,2020-01-14
2020-07-08,212.83,3169.94,2020-01-14
2020-07-09,214.32,3152.05,2020-01-14
2020-07-10,213.67,3185.04,2020-01-14
2020-07-13,207.07,3155.22,2020-01-14
2020-07-14,208.35,3197.52,2020-01-14
2020-07-15,208.04,3226.56,2020-01-14
2020-07-16,203.92,3215.57,2020-01-14
2020-07-17,202.88,3224.73,2020-01-14
2020-07-20,211.6,3251.84,2020-01-14
2020-07-21,208.75,3257.3,2020-01-14
2020-07-22,211.75,3276.02,2020-01-14
2020-07-23,202.54,3235.66,2020-01-14
2020-07-24,201.3,3215.63,2020-01-14
2020-07-27,203.85,3239.41,2020-01-14
2020-07-28,202.02,3218.44,2020-01-14
2020-07-29,204.06,3258.44,2020-01-14
2020-07-30,203.9,3246.22,2020-01-14
2020-07-31,205.01,3271.12,2020-01-14
2020-08-03,216.54,3294.61,2020-01-14
2020-08-04,213.29,3306.51,2020-01-14
2020-08-05,212.94,3327.77,2020-01-14
2020-08-06,216.35,3349.16,2020-01-14
2020-08-07,212.48,3351.28,2020-01-14
2020-08-10,208.25,3360.47,2020-01-14
2020-08-11,203.38,3333.69,2020-01-14
2020-08-12,209.19,3380.35,2020-01-14
2020-08-13,208.7,3373.43,2020-01-14
2020-08-14,208.9,3372.85,2020-01-14
2020-08-17,210.28,3381.99,2020-01-14
2020-08-18,211.49,3389.78,2020-01-14
2020-08-19,209.7,3374.85,2020-01-14
2020-08-20,214.58,3385.51,2020-01-14
2020-08-21,213.02,3397.16,2020-01-14
2020-08-24,213.69,3431.28,2020-01-14
2020-08-25,216.47,3443.62,2020-01-14
2020-08-26,221.15,3478.73,2020-01-14
2020-08-27,226.58,3484.55,2020-01-14
2020-08-28,228.91,3508.01,2020-01-14
2020-08-31,225.53,3500.31,2020-01-14
2020-09-01,227.27,3526.65,2020-01-14
2020-09-02,231.65,3580.84,2020-01-14
2020-09-03,217.3,3455.06,2020-01-14
2020-09-04,214.25,3426.96,2020-01-14
2020-09-08,202.66,3331.84,2020-01-14
2020-09-09,211.29,3398.96,2020-01-14
2020-09-10,205.37,3339.19,2020-01-14
2020-09-11,204.03,3340.97,2020-01-14
2020-09-14,205.41,3383.54,2020-01-14
2020-09-15,208.78,3401.2,2020-01-14
2020-09-16,205.05,3385.49,2020-01-14
2020-09-17,202.91,3357.01,2020-01-14
2020-09-18,200.39,3319.47,2020-01-14
2020-09-21,202.54,3281.06,2020-01-14
2020-09-22,207.42,3315.57,2020-01-14
2020-09-23,200.59,3236.92,2020-01-14
2020-09-24,203.19,3246.59,2020-01-14
2020-09-25,207.82,3298.46,2020-01-14
2020-09-28,209.44,3351.6,2020-01-14
2020-09-29,207.26,3335.47,2020-01-14
2020-09-30,210.33,3363.0,2020-01-14
2020-10-01,212.46,3380.8,2020-01-14
2020-10-02,206.19,3348.44,2020-01-14
2020-10-05,210.38,3408.63,2020-01-14
2020-10-06,205.91,3360.95,2020-01-14
2020-10-07,209.83,3419.45,2020-01-14
2020-10-08,210.58,3446.83,2020-01-14
2020-10-09,215.81,3477.13,2020-01-14
2020-10-12,221.4,3534.22,2020-01-14
2020-10-13,222.86,3511.93,2020-01-14
2020-10-14,220.86,3488.67,2020-01-14
2020-10-15,219.66,3483.34,2020-01-14
2020-10-16,219.66,3483.81,2020-01-14
2020-10-19,214.22,3426.92,2020-01-14
2020-10-20,214.65,3443.12,2020-01-14
2020-10-21,214.8,3435.56,2020-01-14
2020-10-22,214.89,3453.49,2020-01-14
2020-10-23,216.23,3465.39,2020-01-14
2020-10-26,210.08,3400.97,2020-01-14
2020-10-27,213.25,3390.68,2020-01-14
2020-10-28,202.68,3271.03,2020-01-14
2020-10-29,204.72,3310.11,2020-01-14
2020-10-30,202.47,3269.96,2020-01-14
2020-11-02,202.33,3310.24,2020-01-14
2020-11-03,206.43,3369.02,2020-01-14
2020-11-04,216.39,3443.44,2020-01-14
2020-11-05,223.29,3510.45,2020-01-14
2020-11-06,223.72,3509.44,2020-01-14
2020-11-09,218.39,3550.5,2020-01-14
2020-11-10,211.01,3545.53,2020-01-14
2020-11-11,216.55,3572.66,2020-01-14
2020-11-12,215.44,3537.01,2020-01-14
2020-11-13,216.51,3585.15,2020-01-14
2020-11-16,217.23,3626.91,2020-01-14
2020-11-17,214.46,3609.53,2020-01-14
2020-11-18,211.08,3567.79,2020-01-14
2020-11-19,212.42,3581.87,2020-01-14
2020-11-20,210.39,3557.54,2020-01-14
2020-11-23,210.11,3577.59,2020-01-14
2020-11-24,213.86,3635.41,2020-01-14
2020-11-25,213.87,3629.65,2020-01-14
2020-11-27,215.23,3638.35,2020-01-14
2020-11-30,214.07,3621.63,2020-01-14
2020-12-01,216.21,3662.45,2020-01-14
2020-12-02,215.37,3669.01,2020-01-14
2020-12-03,214.24,3666.72,2020-01-14
2020-12-04,214.36,3699.12,2020-01-14
2020-12-07,214.29,3691.96,2020-01-14
2020-12-08,216.01,3702.25,2020-01-14
2020-12-09,211.8,3672.82,2020-01-14
2020-12-10,210.52,3668.1,2020-01-14
2020-12-11,213.26,3663.46,2020-01-14
2020-12-14,214.2,3647.49,2020-01-14
2020-12-15,214.13,3694.62,2020-01-14
2020-12-16,219.28,3701.17,2020-01-14
2020-12-17,219.42,3722.48,2020-01-14
2020-12-18,218.59,3709.41,2020-01-14
2020-12-21,222.59,3694.92,2020-01-14
2020-12-22,223.94,3687.26,2020-01-14
2020-12-23,221.02,3690.01,2020-01-14
2020-12-24,222.75,3703.06,2020-01-14
2020-12-28,224.96,3735.36,2020-01-14
2020-12-29,224.15,3727.04,2020-01-14
2020-12-30,221.68,3732.04,2020-01-14
2020-12-31,222.42,3756.07,2020-01-14
2021-01-04,217.69,3700.65,2020-01-14
2021-01-05,217.9,3726.86,2020-01-14
2021-01-06,212.25,3748.14,2020-01-14
2021-01-07,218.29,3803.79,2020-01-14
2021-01-08,219.62,3824.68,2020-01-14
2021-01-11,217.49,3799.61,2020-01-14
2021-01-12,214.93,3801.19,2020-01-14
2021-01-13,216.34,3809.84,2020-01-14
2021-01-14,213.02,3795.54,2020-01-14
2021-01-15,212.65,3768.25,2020-01-14
2021-01-19,216.44,3798.91,2020-01-14
2021-01-20,224.34,3851.85,2020-01-14
2021-01-21,224.97,3853.07,2020-01-14
2021-01-22,225.95,3841.47,2020-01-14
2021-01-25,229.53,3855.36,2020-01-14
2021-01-26,232.33,3849.62,2020-01-14
2021-01-27,232.9,3750.77,2020-01-14
2021-01-28,238.93,3787.38,2020-01-14
2021-01-29,231.96,3714.24,2020-01-14
2021-02-01,239.65,3773.86,2020-01-14
2021-02-02,239.51,3826.31,2020-01-14
2021-02-03,243.0,3830.17,2020-01-14
2021-02-04,242.01,3871.74,2020-01-14
2021-02-05,242.2,3886.83,2020-01-14
2021-02-08,242.47,3915.59,2020-01-14
2021-02-09,243.77,3911.23,2020-01-14
2021-02-10,242.82,3909.88,2020-01-14
2021-02-11,244.49,3916.38,2020-01-14
2021-02-12,244.99,3934.83,2020-01-14
2021-02-16,243.7,3932.59,2020-01-14
2021-02-17,244.2,3931.33,2020-01-14
2021-02-18,243.79,3913.97,2020-01-14
2021-02-19,240.97,3906.71,2020-01-14
2021-02-22,234.51,3876.5,2020-01-14
2021-02-23,233.27,3881.37,2020-01-14
2021-02-24,234.55,3925.43,2020-01-14
2021-02-25,228.99,3829.34,2020-01-14
2021-02-26,232.38,3811.15,2020-01-14
2021-03-01,236.94,3901.82,2020-01-14
2021-03-02,233.87,3870.29,2020-01-14
2021-03-03,227.56,3819.72,2020-01-14
2021-03-04,226.73,3768.47,2020-01-14
2021-03-05,231.6,3841.94,2020-01-14
2021-03-08,227.39,3821.35,2020-01-14
2021-03-09,233.78,3875.44,2020-01-14
2021-03-10,232.42,3898.81,2020-01-14
2021-03-11,237.13,3939.34,2020-01-14
2021-03-12,235.75,3943.34,2020-01-14
2021-03-15,234.81,3968.94,2020-01-14
2021-03-16,237.71,3962.71,2020-01-14
2021-03-17,237.04,3974.12,2020-01-14
2021-03-18,230.72,3915.46,2020-01-14
2021-03-19,230.35,3913.1,2020-01-14
2021-03-22,235.99,3940.59,2020-01-14
2021-03-23,237.58,3910.52,2020-01-14
2021-03-24,235.46,3889.14,2020-01-14
2021-03-25,232.34,3909.52,2020-01-14
2021-03-26,236.48,3974.54,2020-01-14
2021-03-29,235.24,3971.09,2020-01-14
2021-03-30,231.85,3958.55,2020-01-14
2021-03-31,235.77,3972.89,2020-01-14
2021-04-01,242.35,4019.87,2020-01-14
2021-04-05,249.07,4077.91,2020-01-14
2021-04-06,247.86,4073.94,2020-01-14
2021-04-07,249.9,4079.95,2020-01-14
2021-04-08,253.25,4097.17,2020-01-14
2021-04-09,255.85,4128.8,2020-01-14
2021-04-12,255.91,4127.99,2020-01-14
2021-04-13,258.49,4141.59,2020-01-14
2021-04-14,255.59,4124.66,2020-01-14
2021-04-15,259.5,4170.42,2020-01-14
2021-04-16,260.74,4185.47,2020-01-14
2021-04-19,258.74,4163.26,2020-01-14
2021-04-20,258.26,4134.94,2020-01-14
2021-04-21,260.58,4173.42,2020-01-14
2021-04-22,257.17,4134.98,2020-01-14
2021-04-23,261.15,4180.17,2020-01-14
2021-04-26,261.55,4187.62,2020-01-14
2021-04-27,261.97,4186.72,2020-01-14
2021-04-28,254.56,4183.18,2020-01-14
2021-04-29,252.51,4211.47,2020-01-14
2021-04-30,252.18,4181.17,2020-01-14
2021-05-03,251.86,4192.66,2020-01-14
2021-05-04,247.79,4164.66,2020-01-14
2021-05-05,246.47,4167.59,2020-01-14
2021-05-06,249.73,4201.62,2020-01-14
2021-05-07,252.46,4232.6,2020-01-14
2021-05-10,247.18,4188.43,2020-01-14
2021-05-11,246.23,4152.1,2020-01-14
2021-05-12,239.0,4063.04,2020-01-14
2021-05-13,243.03,4112.5,2020-01-14
2021-05-14,248.15,4173.85,2020-01-14
2021-05-17,245.18,4163.29,2020-01-14
2021-05-18,243.08,4127.83,2020-01-14
2021-05-19,243.12,4115.68,2020-01-14
2021-05-20,246.48,4159.12,2020-01-14
2021-05-21,245.17,4155.86,2020-01-14
2021-05-24,250.78,4197.05,2020-01-14
2021-05-25,251.72,4188.13,2020-01-14
2021-05-26,251.49,4195.99,2020-01-14
2021-05-27,249.31,4200.88,2020-01-14
2021-05-28,249.68,4204.11,2020-01-14
2021-06-01,247.4,4202.04,2020-01-14
2021-06-02,247.3,4208.12,2020-01-14
2021-06-03,245.71,4192.85,2020-01-14
2021-06-04,250.79,4229.89,2020-01-14
2021-06-07,253.81,4226.52,2020-01-14
2021-06-08,252.57,4227.26,2020-01-14
2021-06-09,253.59,4219.55,2020-01-14
2021-06-10,257.24,4239.18,2020-01-14
2021-06-11,257.89,4247.44,2020-01-14
2021-06-14,259.89,4255.15,2020-01-14
2021-06-15,258.36,4246.59,2020-01-14
2021-06-16,257.38,4223.7,2020-01-14
2021-06-17,260.9,4221.86,2020-01-14
2021-06-18,259.43,4166.45,2020-01-14
2021-06-21,262.63,4224.79,2020-01-14
2021-06-22,265.51,4246.44,2020-01-14
2021-06-23,265.275,4241.84,2020-01-14
2021-06-24,266.69,4266.49,2020-01-14
2021-06-25,265.02,4280.7,2020-01-14
2021-06-28,268.72,4290.61,2020-01-14
2021-06-29,271.4,4291.8,2020-01-14
2021-06-30,270.9,4297.5,2020-01-14
2021-07-01,271.6,4319.94,2020-01-14
2021-07-02,277.65,4352.34,2020-01-14
2021-07-06,277.66,4343.54,2020-01-14
2021-07-07,279.93,4358.13,2020-01-14
2021-07-08,277.42,4320.82,2020-01-14
2021-07-09,277.94,4369.55,2020-01-14
2021-07-12,277.32,4384.63,2020-01-14
2021-07-13,280.98,4369.21,2020-01-14
2021-07-14,282.51,4374.3,2020-01-14
2021-07-15,281.03,4360.03,2020-01-14
2021-07-16,280.75,4327.16,2020-01-14
2021-07-19,277.01,4258.49,2020-01-14
2021-07-20,279.32,4323.06,2020-01-14
2021-07-21,281.4,4358.69,2020-01-14
2021-07-22,286.14,4367.48,2020-01-14
2021-07-23,289.67,4411.79,2020-01-14
2021-07-26,289.05,4422.3,2020-01-14
2021-07-27,286.54,4401.46,2020-01-14
2021-07-28,286.22,4400.64,2020-01-14
2021-07-29,286.5,4419.15,2020-01-14
2021-07-30,284.91,4395.26,2020-01-14
2021-08-02,284.82,4387.16,2020-01-14
2021-08-03,287.12,4423.15,2020-01-14
2021-08-04,286.51,4402.66,2020-01-14
2021-08-05,289.52,4429.1,2020-01-14
2021-08-06,289.46,4436.52,2020-01-14
2021-08-09,288.33,4432.35,2020-01-14
2021-08-10,286.44,4436.75,2020-01-14
2021-08-11,286.95,4447.7,2020-01-14
2021-08-12,289.81,4460.83,2020-01-14
2021-08-13,292.85,4468.0,2020-01-14
2021-08-16,294.6,4479.71,2020-01-14
2021-08-17,293.08,4448.08,2020-01-14
2021-08-18,290.73,4400.27,2020-01-14
2021-08-19,296.77,4405.8,2020-01-14
2021-08-20,304.36,4441.67,2020-01-14
